-- SQL INSERTS FOR USER
INSERT INTO user (id, firstName, lastName, email, password) VALUES (1, 'Gunnar', 'Lie', 'gunnar.lie@gmail.com', 'scrypt:32768:8:1$ujQGWQrtrekSZC3v$b31d9cd22e5a0300f900d0613ed0e08b7b1b73da38061cdb41691ad21af3abefc62bb1928d10c75c9b1279909b456b8b85f36a6094e484972329e3124e8224c5');
INSERT INTO user (id, firstName, lastName, email, password) VALUES (2, 'Rune', 'Hauge', 'rune.hauge@gmail.com', 'scrypt:32768:8:1$cQMp65aHMqhNk6q1$9372842abeac7b8c1ba344b6b336a5191a3875cacddd92b6ad835d868cddb3d786203e6ad565309f4915a01e02e9cd5185a1df315ddd3741b7c05cdeb544cec1');
INSERT INTO user (id, firstName, lastName, email, password) VALUES (3, 'Kristoffer', 'Strand', 'kristoffer.strand@gmail.com', 'scrypt:32768:8:1$lOdr8nSj8fyK991S$18bb94d9b3ee133a0e416cea1df46e6000471633422ace3d89f5ff943b05821428ef0753048487696671a72b7147c14e99478a125486af8f9f0b57cc602d7b6f');
INSERT INTO user (id, firstName, lastName, email, password) VALUES (4, 'Marianne', 'Gulbrandsen', 'marianne.gulbrandsen@gmail.com', 'scrypt:32768:8:1$tzUUAfntqRN3DzHc$3e4c049885a54b50a269db20d3b751d9ce54056bd2777b3b6498c6a2cb53206a80de66ecee879cebe488790726de21050df84b58cecd9c8e5ee901b85063fc74');
INSERT INTO user (id, firstName, lastName, email, password) VALUES (5, 'Terje', 'Jakobsen', 'terje.jakobsen@gmail.com', 'scrypt:32768:8:1$QBms4Ksz2GyIrFdJ$4278ba1b5a5a88b3cedf29958939de30da4e8a1b029e348558eccaa96d5b1dd67526d9232c98929845fa6f3553cd2f2c09414081ee7acca42c5025d4582547c8');
INSERT INTO user (id, firstName, lastName, email, password) VALUES (6, 'Nina', 'Berntsen', 'nina.berntsen@gmail.com', 'scrypt:32768:8:1$po7CzrtZ8kng64wP$90bbbec7ce39ff9ffa2cee7c10078b0fa7186257b8c46d6c03b39dae1f12d86977beecec4775b7b67e0d641fe2ef0c7b353839a93333379e6390976b0fa140d3');
INSERT INTO user (id, firstName, lastName, email, password) VALUES (7, 'Gunn', 'Antonsen', 'gunn.antonsen@gmail.com', 'scrypt:32768:8:1$eujTchm66kaLPVau$57c56723672a1e7828bf43b908199971903fd12903c9951de3490ad8df20dbbeadaa5996e49f330aeb7437492bb976e9c731b91663cdb1a8bbb08ffb29ceba95');
INSERT INTO user (id, firstName, lastName, email, password) VALUES (8, 'Hege', 'Myklebust', 'hege.myklebust@gmail.com', 'scrypt:32768:8:1$LJMxRnapRIGYgLv8$44c23deb057947dd8f34970ff20e0b42ceaeb3441bc7c11bab39668a281323849623e5e1e1a06e084dc8eb46763bc08a82089675d95a544992f4e3a191c23689');
INSERT INTO user (id, firstName, lastName, email, password) VALUES (9, 'Monica', 'Moen', 'monica.moen@gmail.com', 'scrypt:32768:8:1$IgcuU0m5jriePdNR$1f71b772040483dff3bd822b19e145706e5c80ddd7775d528544c4ce9fe0830cd6106101b689cff93c1eaaeb11a1699f7f0451372eb19abfb28e6c023175d2f6');
INSERT INTO user (id, firstName, lastName, email, password) VALUES (10, 'Bjørg', 'Hauge', 'bjørg.hauge@gmail.com', 'scrypt:32768:8:1$FCukIXB3uAbCjNeC$94dc468110f6c703a7d88c41ff133f485e7aa55db2cb35fa37ea796612199bfd595c92accb1b58614c52cd4583fc08235afb44721c95ebf992c7af89bc05b52a');
INSERT INTO user (id, firstName, lastName, email, password) VALUES (11, 'Sindre', 'Brekke', 'sindre.brekke@gmail.com', 'scrypt:32768:8:1$yYgNIjL44OG0bcDp$b3b418d634f331455896d054a7a28eb7291cc84e4c4d39dfb9dd58fb46a8296e7d9d2bd88d37a052d54cfd35ad4d46ce87d88dbe4f3c04b7326e4ea5dc2e4890');
INSERT INTO user (id, firstName, lastName, email, password) VALUES (12, 'Maria', 'Andreassen', 'maria.andreassen@gmail.com', 'scrypt:32768:8:1$Dt4nex50MKalh8HI$cdbab616822d44c5572d2edda3da3f99fc6cc23be670665c1a55b43d855232fe5e27198be63e077101929e288477b7264a2138b84f1b99cfe830aabd22025a25');
INSERT INTO user (id, firstName, lastName, email, password) VALUES (13, 'Irene', 'Mikkelsen', 'irene.mikkelsen@gmail.com', 'scrypt:32768:8:1$9P10di8DBadERKFW$19a68b0e2a8769831512943cf649e36c039471439cf1a197f54266f5da80c0cbcb74d025e9f55beedc06e706093431e8298a4c2a69f8a54e89d19599a56b100d');
INSERT INTO user (id, firstName, lastName, email, password) VALUES (14, 'Sofie', 'Madsen', 'sofie.madsen@gmail.com', 'scrypt:32768:8:1$0ev19l89VBoG9eHt$4ddbdf8871c8d29088fab8744e429b93dbd42141df41939f9f7571ea6981967c1cf08b4158d9bd70f0a7b007b7bd5e0c1abf184d422e6c5a2d0109dd4328a301');
INSERT INTO user (id, firstName, lastName, email, password) VALUES (15, 'Gerd', 'Lunde', 'gerd.lunde@gmail.com', 'scrypt:32768:8:1$Ai6IkrL702NwGlz3$e58d56cc9bdef54acb38ece3eae190fe07661b147ea30191d226a437571ac7cb94ae09790d006dcba4c4bf536e3e7c4fdf6a8db6827a1baee2fd2944f1caeaa0');
INSERT INTO user (id, firstName, lastName, email, password) VALUES (16, 'Camilla', 'Gulbrandsen', 'camilla.gulbrandsen@gmail.com', 'scrypt:32768:8:1$Xv35mhpEe9rUnqUa$95c91501722c7dd07c2cf8bcab180be9810db1974004cd61972c25cc00db8012151160e09acd8a73d2bb98e00dfabe83c022df4d63a7b51f5defd54ded27ffd0');
INSERT INTO user (id, firstName, lastName, email, password) VALUES (17, 'Ann', 'Ellingsen', 'ann.ellingsen@gmail.com', 'scrypt:32768:8:1$Aa8TO8HJbd30IH8r$1840cecb1c2333b417b1bc8d4a329cdf06c4fe6066d965c605273263414a0e405e78eba0662d18e2e8cc1dc5e937b25715763760feef87934c440ec5a7aacb39');
INSERT INTO user (id, firstName, lastName, email, password) VALUES (18, 'Bente', 'Myhre', 'bente.myhre@gmail.com', 'scrypt:32768:8:1$ilypbAdDeHt6BwgW$48a1ec7270002601462c5ac33d75b5ffac5d3609b0273fce1afec2b1748cddb2fb0bb1325f8964a43b506a119885fe0b7d2c9de35b52c99188a7576d7c961277');
INSERT INTO user (id, firstName, lastName, email, password) VALUES (19, 'Elise', 'Lien', 'elise.lien@gmail.com', 'scrypt:32768:8:1$JxcZTiRythmC7fSs$f7d580a798859cd147fb7e9899d453988b4ffb70c3a90c74aa435674b957633eecb2aa881fd4bbaed942bdaf184cb78923112ed557161b2a5a27b2530935b9c7');
INSERT INTO user (id, firstName, lastName, email, password) VALUES (20, 'Sondre', 'Mathisen', 'sondre.mathisen@gmail.com', 'scrypt:32768:8:1$bbWj8khyRicXXWir$a1ffac00b3cd02bbd5442b3913520b5e624ac648f395e11f9993e615b66166191f8fba3082df766dcda7b781ed4e6726c476a51a809838dcdc1ae3b10bc6bb47');
INSERT INTO user (id, firstName, lastName, email, password) VALUES (21, 'Helge', 'Gulbrandsen', 'helge.gulbrandsen@gmail.com', 'scrypt:32768:8:1$kbbnrLkkjAW7mx4S$57fb93b265b225e796df2c469afbd645519dd5ef0ec1eead80a46a1333ca78d5d626ed48c69632ab32bacf62bfa857b182611da43e449fbefa5c8e103e7d9908');
INSERT INTO user (id, firstName, lastName, email, password) VALUES (22, 'Tone', 'Nilsen', 'tone.nilsen@gmail.com', 'scrypt:32768:8:1$Lw0tdLKLBxXWC5d8$7cff218eecc80f6774872c685482b6a3ea5cff749d40be183733e1d37b22bd9c01b9839ff9b8e26a5ecf8ce39eb2b39b7ee60d70df4f7f5ffad831b185c28fe6');
INSERT INTO user (id, firstName, lastName, email, password) VALUES (23, 'Adrian', 'Halvorsen', 'adrian.halvorsen@gmail.com', 'scrypt:32768:8:1$n0wJEL4e6Mk1QdCZ$34253f57be4b4969afe72f9bf7b9ac49635453748ce3822a0fefbf7a55522cb4b5e08f561d1fbb72eba4c22a598c92700b4f8ecca85dfcf060f8864546f4ddd8');
INSERT INTO user (id, firstName, lastName, email, password) VALUES (24, 'Karin', 'Knudsen', 'karin.knudsen@gmail.com', 'scrypt:32768:8:1$2ZCduDJIhsiEIqcZ$417349ff43fa6d61019804143d075bc697f1fcc5d7eb22df035515375e53d158e8186080494251b2abc31254f7daddeee5d7f2ff3beb206d0a43f694a836c9e3');
INSERT INTO user (id, firstName, lastName, email, password) VALUES (25, 'Kristin', 'Mathisen', 'kristin.mathisen@gmail.com', 'scrypt:32768:8:1$Q8X9xHQu8lYNEeME$b5815bc79312f84aed4d8922a2cfe20084a05af8cde08f5cb7fe32eec036a75a75a68dd5fe06d1959a2983cb721d38c343b531598b2b1093dbe4a0a287f064f4');
INSERT INTO user (id, firstName, lastName, email, password) VALUES (26, 'Johan', 'Strand', 'johan.strand@gmail.com', 'scrypt:32768:8:1$Y2JdX05RFFEk0KIj$92bc47a907f171ea96d679d55a50ba90585af1643ea09b43750cb8fec554ec46e4333a2c89981abdfafb00ff0301638a130bcfebefd21085f0644d05c9c49106');
INSERT INTO user (id, firstName, lastName, email, password) VALUES (27, 'Frode', 'Næss', 'frode.næss@gmail.com', 'scrypt:32768:8:1$1ZLzhnp8l9JvqcTP$91d12ae3c74859332b68878e09ca7ca912aa88f5cb65d4b74041e950c42806212def6eb5f16cdeee15b804941dfb9ef8e82fe50b30f9a4fb24d36d1f69e9f79d');
INSERT INTO user (id, firstName, lastName, email, password) VALUES (28, 'Anna', 'Hauge', 'anna.hauge@gmail.com', 'scrypt:32768:8:1$sAOJnXWwZJ3JNppt$b7a47fe68f9e9a3da9e74943c54b96757a7b2024b2697099a79f005d1f99aa4ddd05f082eb50f70d4d3b6d51653fb57f4c70680c93c7e2052b48f0491301131c');
INSERT INTO user (id, firstName, lastName, email, password) VALUES (29, 'Monica', 'Lunde', 'monica.lunde@gmail.com', 'scrypt:32768:8:1$qLgty2BiclauxFhS$384e498b58a8f13ed365f28a5e2f86f3601401d1320518e7432c703feeb36fa7728febece436884ec99f552df24f17785a405c30ff0ef792579dd064b862ef83');
INSERT INTO user (id, firstName, lastName, email, password) VALUES (30, 'Thomas', 'Paulsen', 'thomas.paulsen@gmail.com', 'scrypt:32768:8:1$58dVsodqxKF0OMco$7d2a3c839d27dd480d4dfb74ec6e4b248c2eebbe35f3bff1a7a6e93778cc07d76d9247f40a49c32485639ca6f9f6c549c044d26b80c812e3afddf1e513a9190a');
INSERT INTO user (id, firstName, lastName, email, password) VALUES (31, 'Tone', 'Lund', 'tone.lund@gmail.com', 'scrypt:32768:8:1$Re1bQGht2SGT5FTv$ee6d9b0b2a89c632ccb0a1d45cc538b961744b5a7191b498fa470ea272e800c544c5566601764e777a2413077f628374352abebb3abe4b12a8112e99c9376251');
INSERT INTO user (id, firstName, lastName, email, password) VALUES (32, 'Rune', 'Dahl', 'rune.dahl@gmail.com', 'scrypt:32768:8:1$gBZhGT5ZlaaUKBKM$6cedbe4d2a401a5e4aa058d752c3082526d6781ded81120ef4931f3725400d46c230747291872c900e7c84d30a3afb824cde41afb59f69def21594b009688b80');
INSERT INTO user (id, firstName, lastName, email, password) VALUES (33, 'John', 'Rønning', 'john.rønning@gmail.com', 'scrypt:32768:8:1$QEyD6fAXwpIdVEHF$9638b1e8229ff3e82b4e5a5f5a6b64a95cda024f40414299c4340e54af34d18f483dc4ed42de5ea6b76a898673f4d214482f6f4ae3e553400a4faff00a8eb395');
INSERT INTO user (id, firstName, lastName, email, password) VALUES (34, 'Grethe', 'Paulsen', 'grethe.paulsen@gmail.com', 'scrypt:32768:8:1$c1pVUnhOEl563mpw$52c013d97913851cbdbb0503d0f4f9d7601ce733fac1ed7544fc5ba915dbd615226b9ee34191381d6b316de755bc49832718a1919b5b263afffae9358f5358ec');
INSERT INTO user (id, firstName, lastName, email, password) VALUES (35, 'Linda', 'Andreassen', 'linda.andreassen@gmail.com', 'scrypt:32768:8:1$dnodFQjsDRpzdZj1$d82aeee8c2ea166293a9a9d85c850862ffac356d934f25e8fcd0c6123430a5f2c88cb501f4e07e54f90ef9b4bee801ae3bf2b04138882da55e7eda1e5df0963c');
INSERT INTO user (id, firstName, lastName, email, password) VALUES (36, 'Frode', 'Dahl', 'frode.dahl@gmail.com', 'scrypt:32768:8:1$fN6h68JI1MO5AbXO$20383e407da5ab1aa70365e485f396a7deb2a7b36a81b49424293ec4c171600fa5474b4763ff183bf663be1d736b9108fe83e30169b87bc258db6a609c0ca874');
INSERT INTO user (id, firstName, lastName, email, password) VALUES (37, 'Tor', 'Johannessen', 'tor.johannessen@gmail.com', 'scrypt:32768:8:1$sYtDrvNhlxK1YCQf$be542151065aeb119808fe11580757efc8324081382093e919650d3b089a84ac348e35f72e190872faf965a0a426b5c8055f4f828f86295edce8c7663f7c0f1d');
INSERT INTO user (id, firstName, lastName, email, password) VALUES (38, 'Rita', 'Eide', 'rita.eide@gmail.com', 'scrypt:32768:8:1$7TRbmB8IKyk8fB5G$86fcd8589cd664cb5e4b991178f3b2804e4059ef95eb37c3688564c7ea8569d62a4bd43e3bef2336e7dd795bb42d7bcb09a5ed73f32996d7a3af803a12b18e4a');
INSERT INTO user (id, firstName, lastName, email, password) VALUES (39, 'Malin', 'Gulbrandsen', 'malin.gulbrandsen@gmail.com', 'scrypt:32768:8:1$J0I3sOer8WjwtOv4$df5d644576e0803b0f7626d6a1835c52c7b0b5af6f4d935ce0c6a57d5bc6bdd4d652da0584461be5ee8865b4c4dfa7ac1ba2e214f05eae8531eb04db87051f73');
INSERT INTO user (id, firstName, lastName, email, password) VALUES (40, 'Gunn', 'Simonsen', 'gunn.simonsen@gmail.com', 'scrypt:32768:8:1$OUTXxQvefhNSeOsI$85cd51925ec8c24cb21b64c40f3618fa05c0042305d2661da29bee6090cffb36e23576104c6ac9d9ca8ad34df9ac940b3d49067cdb9a422544380e2a0371cad3');
INSERT INTO user (id, firstName, lastName, email, password) VALUES (41, 'Laila', 'Amundsen', 'laila.amundsen@gmail.com', 'scrypt:32768:8:1$UWOPhUTDdExIZWqj$d908209be019f68a801fb566b034821866d9978ca1d40aa3e85926dd5604ac2b2ff1f3ed2f370d9b8d3a008e733cf3c84abf7313b2afa92e8a142b7659ec7c06');
INSERT INTO user (id, firstName, lastName, email, password) VALUES (42, 'Karin', 'Hauge', 'karin.hauge@gmail.com', 'scrypt:32768:8:1$hau2Zju4tfVu4jWR$a33320ff8c0783aefebc70254f2e1a6305c32b29b6cf350b92ba73a904fa6f72d7a7e6b244d06936730f835ccbd07c6241e48636573837ab9fe2edd95ad1dbcd');
INSERT INTO user (id, firstName, lastName, email, password) VALUES (43, 'Cecilie', 'Strand', 'cecilie.strand@gmail.com', 'scrypt:32768:8:1$uhysRoR4wtJzFfqF$b08583e1ecbd4c4a4330c8da37f248043c228011bf7f9fbfa479b0eb597b33a9a27fec0e00b869503c97fc4ff4cfd9b05edd4a51c029de4ea27d58a5b3061fd3');
INSERT INTO user (id, firstName, lastName, email, password) VALUES (44, 'Daniel', 'Knutsen', 'daniel.knutsen@gmail.com', 'scrypt:32768:8:1$Rq1o0zTleMy1gPM1$3748e96e488e4870373a62dfe379cf5833a7d97ad13d79f1806ec1ebe3ef0b97ff942926ddb84d3b5b1d8437b5b00841fd6e37923812cdbe5b6607729a75077a');
INSERT INTO user (id, firstName, lastName, email, password) VALUES (45, 'Magne', 'Danielsen', 'magne.danielsen@gmail.com', 'scrypt:32768:8:1$irn1TxFD83Cb90bR$971cf6a7e0974f38514d1b6e9f459846e6a4dfa3ace40c420d07d1d8d42ffe4697f785c8ff5ba9a2410af0c7945987124b99b592234c7b30ca82ea0cb4c1336e');
INSERT INTO user (id, firstName, lastName, email, password) VALUES (46, 'Helge', 'Kristoffersen', 'helge.kristoffersen@gmail.com', 'scrypt:32768:8:1$Lcw8cAW2BJXGPOO3$b55b9440b4b97fd05164bc0e068d53473fa2ea14e51a6afd2cb93102d949bd399305fabf814c20643a688b3f79492ddaff8aec6e7d81ad6f60c8d53e43d10475');
INSERT INTO user (id, firstName, lastName, email, password) VALUES (47, 'Lene', 'Brekke', 'lene.brekke@gmail.com', 'scrypt:32768:8:1$0cpXNfHsDX1x2qaA$35f490b9f1dfe15337370f9a581e3f87bfc2135d6d5da9f8db7151324a9cbc60cca461db273b515dc48cc205870d751a106fbace063f9224d28a35af4514d0af');
INSERT INTO user (id, firstName, lastName, email, password) VALUES (48, 'Anita', 'Kristiansen', 'anita.kristiansen@gmail.com', 'scrypt:32768:8:1$k2pNIdoK9uDgVj6F$c695acf0d1f4db143fb171eeea744318728d8d26310599d8f34aff5afe14e90fb4d75746835da204948e5f7884d3d6218977dbaed7882172188a94a94de7e515');
INSERT INTO user (id, firstName, lastName, email, password) VALUES (49, 'Inger', 'Andreassen', 'inger.andreassen@gmail.com', 'scrypt:32768:8:1$DYvCxG4jxQSpnIwq$7d4b9a12f007436686b167cc0eb0a60e9920e7dc32232b148682a30bf0eb39ed5a48f81a3e3bbb56b319ddc14d5444cf1f1b6815baafbd8c572dd5c82c4137c3');
INSERT INTO user (id, firstName, lastName, email, password) VALUES (50, 'Gerd', 'Haugen', 'gerd.haugen@gmail.com', 'scrypt:32768:8:1$zTCfoJ7H4Sd83zcB$db5284d4ed19e5591c5ba95d205f03b9397f824b1b5242b32a2e68a7c166a12ad6ba603c8adff6b5199b96a053675bfc2301f9f0093e3095784cc69276e8dd9a');

-- SQL INSERTS FOR EVENTS
INSERT INTO event (id, user_id, name, description, date, location) VALUES (1, 38, 'Tangen Gruppen', 'Repellendus et voluptatem ut earum ullam.', '2025-04-20 20:06:45', 'Lompoc, US');
INSERT INTO event (id, user_id, name, description, date, location) VALUES (2, 49, 'Kristensen Gruppen', 'Nihil ad sit amet harum.', '2025-04-13 20:29:18', 'Privolzhskiy, RU');
INSERT INTO event (id, user_id, name, description, date, location) VALUES (3, 26, 'Berg, Sæther og Sørensen', 'Voluptas earum assumenda repellendus ipsum amet excepturi tenetur.', '2025-04-13 13:26:24', 'Indio, US');
INSERT INTO event (id, user_id, name, description, date, location) VALUES (4, 30, 'Iversen & co.', 'Porro culpa blanditiis.', '2025-04-27 03:14:00', 'Hakodate, JP');
INSERT INTO event (id, user_id, name, description, date, location) VALUES (5, 1, 'Ali, Berntsen og Helland', 'Eveniet suscipit possimus explicabo est molestiae amet distinctio.', '2025-04-25 13:41:23', 'Krasyliv, UA');
INSERT INTO event (id, user_id, name, description, date, location) VALUES (6, 2, 'Kristoffersen BA', 'Voluptate voluptas ducimus saepe.', '2025-05-08 21:19:52', 'Arbroath, GB');
INSERT INTO event (id, user_id, name, description, date, location) VALUES (7, 22, 'Bakke-Moe', 'Ullam eligendi pariatur laborum molestias fugiat.', '2025-04-28 04:49:19', 'San Giuliano Milanese, IT');
INSERT INTO event (id, user_id, name, description, date, location) VALUES (8, 16, 'Aas BA', 'Error nesciunt impedit architecto nesciunt.', '2025-04-17 17:51:24', 'Ciudad Guayana, VE');
INSERT INTO event (id, user_id, name, description, date, location) VALUES (9, 49, 'Johnsen-Hansen', 'Et qui quam.', '2025-05-01 04:50:28', 'Pahrump, US');
INSERT INTO event (id, user_id, name, description, date, location) VALUES (10, 21, 'Aas-Lunde og Sønner', 'Ex ad maxime perferendis qui.', '2025-04-26 04:50:04', 'Hakodate, JP');
INSERT INTO event (id, user_id, name, description, date, location) VALUES (11, 29, 'Knutsen-Nygård', 'Omnis officia deleniti perferendis.', '2025-05-06 05:26:17', 'Lebanon, US');
INSERT INTO event (id, user_id, name, description, date, location) VALUES (12, 24, 'Andresen-Thomassen', 'Aperiam ex repellendus in adipisci.', '2025-05-06 03:49:26', 'Guli, CN');
INSERT INTO event (id, user_id, name, description, date, location) VALUES (13, 41, 'Brekke & co.', 'Ducimus in nihil voluptate non voluptates voluptatum reprehenderit.', '2025-04-11 01:18:47', 'Petrozavodsk, RU');
INSERT INTO event (id, user_id, name, description, date, location) VALUES (14, 3, 'Holm ASA', 'Unde reiciendis nostrum minima.', '2025-04-16 19:04:58', 'Kendall, US');
INSERT INTO event (id, user_id, name, description, date, location) VALUES (15, 21, 'Knutsen RFH', 'Culpa earum quibusdam magnam sequi sed.', '2025-04-29 02:29:36', 'El Alia, TN');

-- SQL INSERTS FOR REGISTRATIONS
INSERT INTO event_has_user (user_id, event_id) VALUES (27, 9);
INSERT INTO event_has_user (user_id, event_id) VALUES (48, 10);
INSERT INTO event_has_user (user_id, event_id) VALUES (32, 13);
INSERT INTO event_has_user (user_id, event_id) VALUES (11, 4);
INSERT INTO event_has_user (user_id, event_id) VALUES (31, 8);
INSERT INTO event_has_user (user_id, event_id) VALUES (37, 2);
INSERT INTO event_has_user (user_id, event_id) VALUES (18, 13);
INSERT INTO event_has_user (user_id, event_id) VALUES (13, 5);
INSERT INTO event_has_user (user_id, event_id) VALUES (33, 1);
INSERT INTO event_has_user (user_id, event_id) VALUES (4, 11);
INSERT INTO event_has_user (user_id, event_id) VALUES (10, 9);
INSERT INTO event_has_user (user_id, event_id) VALUES (10, 15);
INSERT INTO event_has_user (user_id, event_id) VALUES (42, 1);
INSERT INTO event_has_user (user_id, event_id) VALUES (7, 7);
INSERT INTO event_has_user (user_id, event_id) VALUES (25, 7);
INSERT INTO event_has_user (user_id, event_id) VALUES (9, 10);
INSERT INTO event_has_user (user_id, event_id) VALUES (9, 8);
INSERT INTO event_has_user (user_id, event_id) VALUES (35, 14);
INSERT INTO event_has_user (user_id, event_id) VALUES (15, 11);
INSERT INTO event_has_user (user_id, event_id) VALUES (26, 15);
INSERT INTO event_has_user (user_id, event_id) VALUES (18, 14);
INSERT INTO event_has_user (user_id, event_id) VALUES (34, 6);
INSERT INTO event_has_user (user_id, event_id) VALUES (10, 2);
INSERT INTO event_has_user (user_id, event_id) VALUES (20, 8);
INSERT INTO event_has_user (user_id, event_id) VALUES (10, 13);
INSERT INTO event_has_user (user_id, event_id) VALUES (14, 13);
INSERT INTO event_has_user (user_id, event_id) VALUES (44, 2);
INSERT INTO event_has_user (user_id, event_id) VALUES (3, 5);
INSERT INTO event_has_user (user_id, event_id) VALUES (12, 5);
INSERT INTO event_has_user (user_id, event_id) VALUES (46, 7);
INSERT INTO event_has_user (user_id, event_id) VALUES (29, 15);
INSERT INTO event_has_user (user_id, event_id) VALUES (41, 5);
INSERT INTO event_has_user (user_id, event_id) VALUES (46, 4);
INSERT INTO event_has_user (user_id, event_id) VALUES (23, 2);
INSERT INTO event_has_user (user_id, event_id) VALUES (42, 6);
INSERT INTO event_has_user (user_id, event_id) VALUES (43, 10);
INSERT INTO event_has_user (user_id, event_id) VALUES (19, 13);
INSERT INTO event_has_user (user_id, event_id) VALUES (20, 2);
INSERT INTO event_has_user (user_id, event_id) VALUES (7, 4);
INSERT INTO event_has_user (user_id, event_id) VALUES (22, 7);
INSERT INTO event_has_user (user_id, event_id) VALUES (3, 8);
INSERT INTO event_has_user (user_id, event_id) VALUES (29, 1);
INSERT INTO event_has_user (user_id, event_id) VALUES (38, 6);
INSERT INTO event_has_user (user_id, event_id) VALUES (22, 4);
INSERT INTO event_has_user (user_id, event_id) VALUES (2, 5);
INSERT INTO event_has_user (user_id, event_id) VALUES (43, 15);
INSERT INTO event_has_user (user_id, event_id) VALUES (37, 14);
INSERT INTO event_has_user (user_id, event_id) VALUES (35, 11);
INSERT INTO event_has_user (user_id, event_id) VALUES (50, 6);
INSERT INTO event_has_user (user_id, event_id) VALUES (23, 12);
INSERT INTO event_has_user (user_id, event_id) VALUES (45, 10);
INSERT INTO event_has_user (user_id, event_id) VALUES (26, 2);
INSERT INTO event_has_user (user_id, event_id) VALUES (27, 6);
INSERT INTO event_has_user (user_id, event_id) VALUES (41, 12);
INSERT INTO event_has_user (user_id, event_id) VALUES (16, 12);
INSERT INTO event_has_user (user_id, event_id) VALUES (31, 12);
INSERT INTO event_has_user (user_id, event_id) VALUES (25, 10);
INSERT INTO event_has_user (user_id, event_id) VALUES (45, 11);
INSERT INTO event_has_user (user_id, event_id) VALUES (5, 13);
INSERT INTO event_has_user (user_id, event_id) VALUES (12, 15);
INSERT INTO event_has_user (user_id, event_id) VALUES (25, 8);
INSERT INTO event_has_user (user_id, event_id) VALUES (37, 6);
INSERT INTO event_has_user (user_id, event_id) VALUES (43, 3);
INSERT INTO event_has_user (user_id, event_id) VALUES (33, 15);
INSERT INTO event_has_user (user_id, event_id) VALUES (29, 4);
INSERT INTO event_has_user (user_id, event_id) VALUES (6, 6);
INSERT INTO event_has_user (user_id, event_id) VALUES (40, 13);
INSERT INTO event_has_user (user_id, event_id) VALUES (6, 15);
INSERT INTO event_has_user (user_id, event_id) VALUES (48, 13);
INSERT INTO event_has_user (user_id, event_id) VALUES (49, 7);
INSERT INTO event_has_user (user_id, event_id) VALUES (39, 10);
INSERT INTO event_has_user (user_id, event_id) VALUES (33, 2);
INSERT INTO event_has_user (user_id, event_id) VALUES (50, 12);
INSERT INTO event_has_user (user_id, event_id) VALUES (46, 5);
INSERT INTO event_has_user (user_id, event_id) VALUES (6, 12);
INSERT INTO event_has_user (user_id, event_id) VALUES (47, 3);
INSERT INTO event_has_user (user_id, event_id) VALUES (44, 15);
